Statistics,Mathematics,Artificial Intelligence,Programming,Cloud Computing,Digital Transformation Manager
statistical models,linear algebra,linear regression,python,aws,sql
statistical modeling,linear transformation,logistic regression,pandas,ec2,communication
data summary,scalar multiplication,K means,numpy,amazon redshift,python
normal distibution,transpose,random forest,scikit-learn,s3,leadership experience
covariance,matrices,xgboost,matplotlib,docker,problem solving
correlation,matrix decomposition,svm,scipy,kubernetes,critical thinking
bayesian inference,vector space,naive bayes,java,scala,word
hypothesis testing,infinite series,pca,c++,teradata,excel
sampling,mean value,decision trees,c,aws lambda,Tableau
measurement,differential equations,svd,c#,aws emr,Pandas
p-values,gradient descent,ensemble models,visual basic,sql,Scikit-learn
t-test,probability,r language,go language,network management,Google Analytics
confidence intervals,probability calculus,neural networks,swift,xml,Google Sheets
factor analysis,conditional probability,face detection,php,soap,
forecasting,sets,object detection,matlab,wsdl,
discrimination analysis,combinatorics,gpu,ruby,,
regularization,queues,cuda,rust,,
excel,stacks,tensorflow,scala,,
inferential models,graphs,natural language processing,,,
,arrays,nlp,,,
,problem solving,topic modeling,,,
,analytical thinking,pos tagging,,,
,,word embedding,,,
,,spacy,,,
,,set of words,,,
,,sentiment analysis,,,
,,chatbot,,,
,,jupyter notebook,,,
